matricula,delegacion,nivel_acceso,email
98382382,38,5,test@pruebas.com
98383876,38,5,test@pruebas.com
99375333,37,5,test@pruebas.com
99282342,33,5,test@pruebas.com
10099514,37,5,test@pruebas.com
99127119,12,5,test@pruebas.com
10756906,9,5,test@pruebas.com
11570849,6,5,test@pruebas.com
99234144,23,5,test@pruebas.com
9474951,11,5,test@pruebas.com
99368933,36,5,test@pruebas.com
7718438,15,5,test@pruebas.com
97370752,37,5,test@pruebas.com
99144796,14,5,test@pruebas.com
98053027,5,5,test@pruebas.com
98255459,25,5,test@pruebas.com
9833005,15,5,test@pruebas.com
991420447,14,5,test@pruebas.com
99389881,38,5,test@pruebas.com
99164772,16,5,test@pruebas.com
97158034,15,5,test@pruebas.com
99209483,20,5,test@pruebas.com
99159666,15,5,test@pruebas.com
9897704,32,5,test@pruebas.com
98354343,35,5,test@pruebas.com
99299547,25,5,test@pruebas.com
99109710,10,5,test@pruebas.com
99264663,26,5,test@pruebas.com
99271097,27,5,test@pruebas.com
98366479,36,5,test@pruebas.com
99372112,37,5,test@pruebas.com
8925852,31,5,test@pruebas.com
7476302,36,5,test@pruebas.com
99219618,21,5,test@pruebas.com
10220631,31,5,test@pruebas.com
99100943,10,5,test@pruebas.com
311060007,6,5,test@pruebas.com
98155610,15,5,test@pruebas.com
9963782,15,5,test@pruebas.com
10945482,21,5,test@pruebas.com
98057725,5,5,test@pruebas.com
991422593,6,5,test@pruebas.com
10017801,29,5,test@pruebas.com
99298031,29,5,test@pruebas.com
8938318,11,5,test@pruebas.com
99122186,12,5,test@pruebas.com
11511222,10,5,test@pruebas.com
98270658,27,5,test@pruebas.com
9082697,15,5,test@pruebas.com
98085042,8,5,test@pruebas.com
99107576,10,5,test@pruebas.com
11361247,15,5,test@pruebas.com
99312774,31,5,test@pruebas.com
99346685,34,5,test@pruebas.com
98293408,29,5,test@pruebas.com
99040610,4,5,test@pruebas.com
98162874,16,5,test@pruebas.com
99028244,2,5,test@pruebas.com
99311585,31,5,test@pruebas.com
9422528,37,5,test@pruebas.com
11542721,2,5,test@pruebas.com
98022621,2,5,test@pruebas.com
99079510,7,5,test@pruebas.com
98080907,8,5,test@pruebas.com
99125964,12,5,test@pruebas.com
98365526,36,5,test@pruebas.com
99383460,38,5,test@pruebas.com
9777156,5,5,test@pruebas.com
99126394,12,5,test@pruebas.com
99155806,15,5,test@pruebas.com
98058219,5,5,test@pruebas.com
11982837,11,5,test@pruebas.com
99336055,32,5,test@pruebas.com
99153772,16,5,test@pruebas.com
9192018,33,5,test@pruebas.com
98389922,38,5,test@pruebas.com
99183530,18,5,test@pruebas.com
98080562,8,5,test@pruebas.com
97370044,37,5,test@pruebas.com
311290100,29,5,test@pruebas.com
10929223,38,5,test@pruebas.com
9719792,13,5,test@pruebas.com
99264241,26,5,test@pruebas.com
99279913,27,5,test@pruebas.com
991419690,14,5,test@pruebas.com
99352235,35,5,test@pruebas.com
99164005,36,5,test@pruebas.com
98370006,37,5,test@pruebas.com
10341846,22,5,test@pruebas.com
991426641,14,5,test@pruebas.com
12126039,38,5,test@pruebas.com
991425365,14,5,test@pruebas.com
98351722,35,5,test@pruebas.com
99282620,28,5,test@pruebas.com
99148435,14,5,test@pruebas.com
8925968,31,5,test@pruebas.com
99346666,34,5,test@pruebas.com
98159577,13,5,test@pruebas.com
99153230,15,5,test@pruebas.com
11247452,36,5,test@pruebas.com
98050990,5,5,test@pruebas.com
99375290,37,5,test@pruebas.com
9878467,5,5,test@pruebas.com
99275443,27,5,test@pruebas.com
6832164,35,5,test@pruebas.com
99064896,6,5,test@pruebas.com
99381264,38,5,test@pruebas.com
9127402,26,5,test@pruebas.com
99096201,9,5,test@pruebas.com
99096164,9,5,test@pruebas.com
99266908,26,5,test@pruebas.com
99176897,17,5,test@pruebas.com
99275381,27,5,test@pruebas.com
98224790,22,5,test@pruebas.com
7923309,28,5,test@pruebas.com
991417049,14,5,test@pruebas.com
11255528,21,5,test@pruebas.com
98223971,22,5,test@pruebas.com
97371926,37,5,test@pruebas.com
98058940,5,5,test@pruebas.com
9680136,23,5,test@pruebas.com
99270695,27,5,test@pruebas.com
99242879,14,5,test@pruebas.com
98168070,16,5,test@pruebas.com
8878919,7,5,test@pruebas.com
9274235,3,5,test@pruebas.com
10259821,36,5,test@pruebas.com
99031851,3,5,test@pruebas.com
11758724,37,5,test@pruebas.com
8736898,5,5,test@pruebas.com
11353465,29,5,test@pruebas.com
99279896,27,5,test@pruebas.com
98371903,37,5,test@pruebas.com
98054696,5,5,test@pruebas.com
99276884,27,5,test@pruebas.com
311020055,2,5,test@pruebas.com
10375104,1,5,test@pruebas.com
3566668,32,5,test@pruebas.com
99277956,27,5,test@pruebas.com
9738843,36,5,test@pruebas.com
98085464,8,5,test@pruebas.com
99386444,26,5,test@pruebas.com
98354479,35,5,test@pruebas.com
11812915,33,5,test@pruebas.com
98082983,8,5,test@pruebas.com
10798447,15,5,test@pruebas.com
9083189,14,5,test@pruebas.com
99058759,5,5,test@pruebas.com
991426936,14,5,test@pruebas.com
98113926,11,5,test@pruebas.com
10718036,20,5,test@pruebas.com
99110020,11,5,test@pruebas.com
9260951,27,5,test@pruebas.com
97207126,20,5,test@pruebas.com
98225018,22,5,test@pruebas.com
98051115,5,5,test@pruebas.com
98297797,29,5,test@pruebas.com
97371895,37,5,test@pruebas.com
99030513,26,5,test@pruebas.com
98119163,11,5,test@pruebas.com
99318586,31,5,test@pruebas.com
10562567,23,5,test@pruebas.com
99131943,13,5,test@pruebas.com
98204460,20,5,test@pruebas.com
98385988,38,5,test@pruebas.com
98360105,36,5,test@pruebas.com
10893296,2,5,test@pruebas.com
98352320,35,5,test@pruebas.com
99374246,16,5,test@pruebas.com
99033444,3,5,test@pruebas.com
99051331,5,5,test@pruebas.com
7675836,12,5,test@pruebas.com
99263984,26,5,test@pruebas.com
98171027,17,5,test@pruebas.com
11515104,10,5,test@pruebas.com
98254467,25,5,test@pruebas.com
98262532,26,5,test@pruebas.com
98152682,36,5,test@pruebas.com
98264974,26,5,test@pruebas.com
9003894,27,5,test@pruebas.com
98228551,22,5,test@pruebas.com
99359024,35,5,test@pruebas.com
99364461,36,5,test@pruebas.com
9416528,38,5,test@pruebas.com
9052127,10,5,test@pruebas.com
98221978,22,5,test@pruebas.com
991440473,14,5,test@pruebas.com
11601167,32,5,test@pruebas.com
99331308,33,5,test@pruebas.com
311070131,7,5,test@pruebas.com
8088101,15,5,test@pruebas.com
10549366,14,5,test@pruebas.com
98290021,29,5,test@pruebas.com
97362313,36,5,test@pruebas.com
98160506,16,5,test@pruebas.com
98360101,36,5,test@pruebas.com
99123572,12,5,test@pruebas.com
99384731,38,5,test@pruebas.com
98202428,20,5,test@pruebas.com
99105504,10,5,test@pruebas.com
9667121,27,5,test@pruebas.com
98315012,31,5,test@pruebas.com
99208092,20,5,test@pruebas.com
99378495,15,5,test@pruebas.com
99186763,18,5,test@pruebas.com
12140651,16,5,test@pruebas.com
97150837,15,5,test@pruebas.com
12162965,22,5,test@pruebas.com
10679561,38,5,test@pruebas.com
99372659,18,5,test@pruebas.com
99169326,16,5,test@pruebas.com
99222710,11,5,test@pruebas.com
99382828,38,5,test@pruebas.com
7267479,38,5,test@pruebas.com
98251969,25,5,test@pruebas.com
8494835,11,5,test@pruebas.com
99378759,37,5,test@pruebas.com
311290258,29,5,test@pruebas.com
99114853,11,5,test@pruebas.com
991427314,14,5,test@pruebas.com
98200893,20,5,test@pruebas.com
98291684,11,5,test@pruebas.com
311380122,38,5,test@pruebas.com
99140344,14,5,test@pruebas.com
99353186,15,5,test@pruebas.com
11498412,23,5,test@pruebas.com
98366001,36,5,test@pruebas.com
98159209,15,5,test@pruebas.com
98087469,8,5,test@pruebas.com
98316970,31,5,test@pruebas.com
9304746,14,5,test@pruebas.com
99137609,13,5,test@pruebas.com
99280509,28,5,test@pruebas.com
98163047,16,5,test@pruebas.com
98376461,37,5,test@pruebas.com
97151656,15,5,test@pruebas.com
99209342,20,5,test@pruebas.com
11370874,13,5,test@pruebas.com
98085951,8,5,test@pruebas.com
98155551,15,5,test@pruebas.com
11033649,35,5,test@pruebas.com
10392327,8,5,test@pruebas.com
99151687,15,5,test@pruebas.com
99030044,33,5,test@pruebas.com
10032878,17,5,test@pruebas.com
99109779,10,5,test@pruebas.com
99075772,7,5,test@pruebas.com
98150784,15,5,test@pruebas.com
99137503,13,5,test@pruebas.com
9773002,20,5,test@pruebas.com
99166733,33,5,test@pruebas.com
10682961,36,5,test@pruebas.com
99103269,1,5,test@pruebas.com
10395113,8,5,test@pruebas.com
99021017,2,5,test@pruebas.com
99126499,12,5,test@pruebas.com
99215779,21,5,test@pruebas.com
99032351,3,5,test@pruebas.com
98214683,21,5,test@pruebas.com
99058312,20,5,test@pruebas.com
98203054,20,5,test@pruebas.com
99172685,17,5,test@pruebas.com
9924221,2,5,test@pruebas.com
97171859,17,5,test@pruebas.com
11353171,29,5,test@pruebas.com
991437876,14,5,test@pruebas.com
99386565,38,5,test@pruebas.com
9491694,14,5,test@pruebas.com
991423328,14,5,test@pruebas.com
99011783,1,5,test@pruebas.com
98371057,37,5,test@pruebas.com
10124659,33,5,test@pruebas.com
98254815,25,5,test@pruebas.com
99141531,14,5,test@pruebas.com
98374888,37,5,test@pruebas.com
98229407,22,5,test@pruebas.com
10708057,15,5,test@pruebas.com
9495614,22,5,test@pruebas.com
9484833,14,5,test@pruebas.com
99100615,10,5,test@pruebas.com
10796762,15,5,test@pruebas.com
98207681,20,5,test@pruebas.com
991426670,14,5,test@pruebas.com
99184736,18,5,test@pruebas.com
98205773,20,5,test@pruebas.com
7621663,33,5,test@pruebas.com
98350802,35,5,test@pruebas.com
99264413,14,5,test@pruebas.com
98159336,15,5,test@pruebas.com
99312313,31,5,test@pruebas.com
10719369,20,5,test@pruebas.com
98051193,5,5,test@pruebas.com
10046429,19,5,test@pruebas.com
99246262,24,5,test@pruebas.com
99100459,10,5,test@pruebas.com
98110744,11,5,test@pruebas.com
97150427,15,5,test@pruebas.com
99371702,9,5,test@pruebas.com
99332696,33,5,test@pruebas.com
9242171,37,5,test@pruebas.com
99245771,1,5,test@pruebas.com
8818053,4,5,test@pruebas.com
99114136,11,5,test@pruebas.com
99243334,24,5,test@pruebas.com
98330352,33,5,test@pruebas.com
98340629,34,5,test@pruebas.com
98273929,27,5,test@pruebas.com
99026238,2,5,test@pruebas.com
10045996,19,5,test@pruebas.com
99385375,38,5,test@pruebas.com
99385728,38,5,test@pruebas.com
98370943,38,5,test@pruebas.com
99347896,34,5,test@pruebas.com
99258498,29,5,test@pruebas.com
99080787,8,5,test@pruebas.com
99244438,24,5,test@pruebas.com
991419116,14,5,test@pruebas.com
98118231,11,5,test@pruebas.com
98050860,5,5,test@pruebas.com
98387319,38,5,test@pruebas.com
99141635,14,5,test@pruebas.com
98291602,29,5,test@pruebas.com
9398201,18,5,test@pruebas.com
99241571,24,5,test@pruebas.com
10846077,19,5,test@pruebas.com
99225718,22,5,test@pruebas.com
11281804,32,5,test@pruebas.com
99016198,1,5,test@pruebas.com
99371591,37,5,test@pruebas.com
99112079,11,5,test@pruebas.com
98058870,5,5,test@pruebas.com
99130034,13,5,test@pruebas.com
991435017,14,5,test@pruebas.com
98161682,16,5,test@pruebas.com
99233026,23,5,test@pruebas.com
98297469,29,5,test@pruebas.com
98153351,15,5,test@pruebas.com
10702512,16,5,test@pruebas.com
99280180,28,5,test@pruebas.com
10029168,16,5,test@pruebas.com
9004076,27,5,test@pruebas.com
97170637,17,5,test@pruebas.com
99275331,27,5,test@pruebas.com
99364991,37,5,test@pruebas.com
98084414,27,5,test@pruebas.com
10450467,20,5,test@pruebas.com
11268778,20,5,test@pruebas.com
99096577,9,5,test@pruebas.com
9491627,14,5,test@pruebas.com
99028189,27,5,test@pruebas.com
991423412,14,5,test@pruebas.com
98150083,15,5,test@pruebas.com
99375158,37,5,test@pruebas.com
99359621,35,5,test@pruebas.com
98204337,20,5,test@pruebas.com
99384268,38,5,test@pruebas.com
12116238,26,5,test@pruebas.com
99357152,15,5,test@pruebas.com
10340149,18,5,test@pruebas.com
99320393,32,5,test@pruebas.com
8446113,37,5,test@pruebas.com
98381724,38,5,test@pruebas.com
99385722,38,5,test@pruebas.com
99205352,20,5,test@pruebas.com
98274868,27,5,test@pruebas.com
99146562,14,5,test@pruebas.com
11748788,9,5,test@pruebas.com
99164651,16,5,test@pruebas.com
98152775,15,5,test@pruebas.com
991431896,14,5,test@pruebas.com
98372934,37,5,test@pruebas.com
11598638,32,5,test@pruebas.com
11772832,15,5,test@pruebas.com
99028324,2,5,test@pruebas.com
98324442,32,5,test@pruebas.com
99298138,37,5,test@pruebas.com
99204324,20,5,test@pruebas.com
11694513,11,5,test@pruebas.com
11924373,2,5,test@pruebas.com
8924562,31,5,test@pruebas.com
99193172,19,5,test@pruebas.com
98020980,2,5,test@pruebas.com
99043687,4,5,test@pruebas.com
99359991,35,5,test@pruebas.com
9502262,21,5,test@pruebas.com
9165975,2,5,test@pruebas.com
98160293,16,5,test@pruebas.com
99371211,37,5,test@pruebas.com
9371141,32,5,test@pruebas.com
98173894,14,5,test@pruebas.com
99262204,26,5,test@pruebas.com
99322515,32,5,test@pruebas.com
6493084,14,5,test@pruebas.com
9889515,5,5,test@pruebas.com
11759909,37,5,test@pruebas.com
98085036,8,5,test@pruebas.com
99207163,20,5,test@pruebas.com
9798897,31,5,test@pruebas.com
99059971,5,5,test@pruebas.com
99041912,4,5,test@pruebas.com
99345103,14,5,test@pruebas.com
98294720,29,5,test@pruebas.com
99279832,27,5,test@pruebas.com
99137599,13,5,test@pruebas.com
8262845,13,5,test@pruebas.com
8637458,14,5,test@pruebas.com
9860126,38,5,test@pruebas.com
7537344,37,5,test@pruebas.com
98367252,36,5,test@pruebas.com
98172368,17,5,test@pruebas.com
8613133,18,5,test@pruebas.com
99353571,35,5,test@pruebas.com
99154105,15,5,test@pruebas.com
311140256,14,5,test@pruebas.com
9470247,11,5,test@pruebas.com
99215681,22,5,test@pruebas.com
10715908,15,5,test@pruebas.com
99023921,2,5,test@pruebas.com
10990151,5,5,test@pruebas.com
99326511,32,5,test@pruebas.com
98055293,5,5,test@pruebas.com
9033742,14,5,test@pruebas.com
99107392,10,5,test@pruebas.com
98211551,21,5,test@pruebas.com
99022019,2,5,test@pruebas.com
991428480,14,5,test@pruebas.com
98384754,38,5,test@pruebas.com
99116872,11,5,test@pruebas.com
99043313,4,5,test@pruebas.com
98388525,38,5,test@pruebas.com
8448744,9,5,test@pruebas.com
991419530,14,5,test@pruebas.com
99215187,21,5,test@pruebas.com
99389879,38,5,test@pruebas.com
97171988,17,5,test@pruebas.com
98172423,17,5,test@pruebas.com
98313343,31,5,test@pruebas.com
99229130,22,5,test@pruebas.com
99279720,27,5,test@pruebas.com
99320534,32,5,test@pruebas.com
99295012,24,5,test@pruebas.com
98296069,29,5,test@pruebas.com
97202938,20,5,test@pruebas.com
98172469,11,5,test@pruebas.com
97380026,38,5,test@pruebas.com
98254847,25,5,test@pruebas.com
99102760,10,5,test@pruebas.com
98331155,11,5,test@pruebas.com
9509275,35,5,test@pruebas.com
9152768,8,5,test@pruebas.com
98251500,25,5,test@pruebas.com
99281181,12,5,test@pruebas.com
98203042,20,5,test@pruebas.com
8993912,29,5,test@pruebas.com
97206317,20,5,test@pruebas.com
11074736,2,5,test@pruebas.com
11584068,38,5,test@pruebas.com
99013128,1,5,test@pruebas.com
99058977,5,5,test@pruebas.com
9375384,32,5,test@pruebas.com
99344245,34,5,test@pruebas.com
11481935,35,5,test@pruebas.com
99230212,23,5,test@pruebas.com
9084355,14,5,test@pruebas.com
991412804,14,5,test@pruebas.com
99266448,26,5,test@pruebas.com
10038833,17,5,test@pruebas.com
8625751,24,5,test@pruebas.com
311360111,36,5,test@pruebas.com
98201030,20,5,test@pruebas.com
97381603,38,5,test@pruebas.com
11004363,20,5,test@pruebas.com
99210722,21,5,test@pruebas.com
9066586,13,5,test@pruebas.com
99215547,21,5,test@pruebas.com
99115909,17,5,test@pruebas.com
99296034,29,5,test@pruebas.com
12143723,15,5,test@pruebas.com
99030820,3,5,test@pruebas.com
99352163,35,5,test@pruebas.com
12195138,14,5,test@pruebas.com
99100491,10,5,test@pruebas.com
99210529,21,5,test@pruebas.com
99180399,18,5,test@pruebas.com
11275987,20,5,test@pruebas.com
99089249,8,5,test@pruebas.com
99272546,17,5,test@pruebas.com
311100062,10,5,test@pruebas.com
99270988,27,5,test@pruebas.com
991436168,14,5,test@pruebas.com
7136277,21,5,test@pruebas.com
99321336,32,5,test@pruebas.com
9529519,26,5,test@pruebas.com
9493263,22,5,test@pruebas.com
98371106,37,5,test@pruebas.com
99123734,12,5,test@pruebas.com
11786868,36,5,test@pruebas.com
10799508,15,5,test@pruebas.com
98366831,36,5,test@pruebas.com
98114182,11,5,test@pruebas.com
99123818,10,5,test@pruebas.com
98354472,35,5,test@pruebas.com
99021617,2,5,test@pruebas.com
98377333,37,5,test@pruebas.com
98331066,33,5,test@pruebas.com
99227567,22,5,test@pruebas.com
99389924,38,5,test@pruebas.com
99302234,30,5,test@pruebas.com
9452575,36,5,test@pruebas.com
99041526,4,5,test@pruebas.com
97160756,16,5,test@pruebas.com
98380609,38,5,test@pruebas.com
10453326,20,5,test@pruebas.com
98116698,11,5,test@pruebas.com
98273421,27,5,test@pruebas.com
99167207,16,5,test@pruebas.com
98370517,30,5,test@pruebas.com
99358496,35,5,test@pruebas.com
9065245,13,5,test@pruebas.com
9224882,9,5,test@pruebas.com
7202954,32,5,test@pruebas.com
99023931,26,5,test@pruebas.com
99385924,38,5,test@pruebas.com
99245294,24,5,test@pruebas.com
11082879,10,5,test@pruebas.com
99351243,35,5,test@pruebas.com
99261946,26,5,test@pruebas.com
99268705,26,5,test@pruebas.com
98152758,37,5,test@pruebas.com
98355341,35,5,test@pruebas.com
5917158,16,5,test@pruebas.com
99021332,2,5,test@pruebas.com
98222741,22,5,test@pruebas.com
8999465,27,5,test@pruebas.com
9182128,15,5,test@pruebas.com
98313064,31,5,test@pruebas.com
98202003,20,5,test@pruebas.com
991427266,14,5,test@pruebas.com
98389164,38,5,test@pruebas.com
99183377,15,5,test@pruebas.com
10894985,29,5,test@pruebas.com
98113048,11,5,test@pruebas.com
991437506,14,5,test@pruebas.com
311320057,32,5,test@pruebas.com
98209316,20,5,test@pruebas.com
10607048,37,5,test@pruebas.com
97201429,20,5,test@pruebas.com
99052295,5,5,test@pruebas.com
98382732,8,5,test@pruebas.com
99264455,26,5,test@pruebas.com
11454318,27,5,test@pruebas.com
11170476,22,5,test@pruebas.com
9159223,8,5,test@pruebas.com
8504911,37,5,test@pruebas.com
99085322,8,5,test@pruebas.com
99044327,4,5,test@pruebas.com
11594837,32,5,test@pruebas.com
8956294,21,5,test@pruebas.com
8455155,7,5,test@pruebas.com
99061797,6,5,test@pruebas.com
99020988,2,5,test@pruebas.com
99055797,5,5,test@pruebas.com
10515275,2,5,test@pruebas.com
9331301,7,5,test@pruebas.com
98254952,25,5,test@pruebas.com
98214043,21,5,test@pruebas.com
991427131,14,5,test@pruebas.com
9848584,7,5,test@pruebas.com
10818324,32,5,test@pruebas.com
11253045,36,5,test@pruebas.com
8397899,12,5,test@pruebas.com
98155966,15,5,test@pruebas.com
99356831,35,5,test@pruebas.com
8055777,9,5,test@pruebas.com
98212858,21,5,test@pruebas.com
11687363,17,5,test@pruebas.com
99124741,12,5,test@pruebas.com
4428498,16,5,test@pruebas.com
97080012,8,5,test@pruebas.com
11936266,17,5,test@pruebas.com
98378007,37,5,test@pruebas.com
98111750,11,5,test@pruebas.com
11333413,17,5,test@pruebas.com
98362941,36,5,test@pruebas.com
99042530,4,5,test@pruebas.com
98024680,2,5,test@pruebas.com
10204466,18,5,test@pruebas.com
99276663,27,5,test@pruebas.com
12161829,22,5,test@pruebas.com
99114292,11,5,test@pruebas.com
8783462,5,5,test@pruebas.com
98270893,27,5,test@pruebas.com
99319069,31,5,test@pruebas.com
99168213,37,5,test@pruebas.com
99303238,30,5,test@pruebas.com
98084755,8,5,test@pruebas.com
9760261,35,5,test@pruebas.com
97205600,20,5,test@pruebas.com
99088115,8,5,test@pruebas.com
991415362,14,5,test@pruebas.com
99224702,22,5,test@pruebas.com
99363764,15,5,test@pruebas.com
99369823,36,5,test@pruebas.com
99272302,27,5,test@pruebas.com
11745029,9,5,test@pruebas.com
97155835,15,5,test@pruebas.com
99302688,30,5,test@pruebas.com
98365233,36,5,test@pruebas.com
99350794,35,5,test@pruebas.com
99256626,25,5,test@pruebas.com
98207605,20,5,test@pruebas.com
99264772,26,5,test@pruebas.com
99135156,13,5,test@pruebas.com
10149406,14,5,test@pruebas.com
98318220,31,5,test@pruebas.com
9794662,24,5,test@pruebas.com
11351225,29,5,test@pruebas.com
11456329,26,5,test@pruebas.com
97201887,20,5,test@pruebas.com
991421607,14,5,test@pruebas.com
98360853,36,5,test@pruebas.com
99250324,2,5,test@pruebas.com
98058474,5,5,test@pruebas.com
98324198,32,5,test@pruebas.com
99267137,26,5,test@pruebas.com
9571035,37,5,test@pruebas.com
99095506,9,5,test@pruebas.com
98317068,31,5,test@pruebas.com
9470549,11,5,test@pruebas.com
99059480,5,5,test@pruebas.com
9240683,37,5,test@pruebas.com
99226469,22,5,test@pruebas.com
99028512,26,5,test@pruebas.com
9573984,37,5,test@pruebas.com
99130212,13,5,test@pruebas.com
99109052,10,5,test@pruebas.com
99206838,20,5,test@pruebas.com
99165162,16,5,test@pruebas.com
98382140,38,5,test@pruebas.com
98157884,36,5,test@pruebas.com
10751157,2,5,test@pruebas.com
99279303,27,5,test@pruebas.com
7142412,22,5,test@pruebas.com
8957479,21,5,test@pruebas.com
11200804,15,5,test@pruebas.com
10916784,7,5,test@pruebas.com
99023869,2,5,test@pruebas.com
11297026,1,5,test@pruebas.com
98325455,32,5,test@pruebas.com
98315333,31,5,test@pruebas.com
11195509,15,5,test@pruebas.com
99017644,1,5,test@pruebas.com
98292898,29,5,test@pruebas.com
99076252,7,5,test@pruebas.com
99352650,36,5,test@pruebas.com
99259580,20,5,test@pruebas.com
9601198,20,5,test@pruebas.com
10506152,15,5,test@pruebas.com
98377143,37,5,test@pruebas.com
98071581,7,5,test@pruebas.com
99125977,12,5,test@pruebas.com
9181962,38,5,test@pruebas.com
8575967,33,5,test@pruebas.com
99164155,16,5,test@pruebas.com
99215395,21,5,test@pruebas.com
8615756,18,5,test@pruebas.com
99382440,37,5,test@pruebas.com
98086606,8,5,test@pruebas.com
99293291,29,5,test@pruebas.com
99089321,8,5,test@pruebas.com
98204698,20,5,test@pruebas.com
97203838,20,5,test@pruebas.com
99236649,23,5,test@pruebas.com
99203531,20,5,test@pruebas.com
99213505,21,5,test@pruebas.com
98087376,8,5,test@pruebas.com
98318020,31,5,test@pruebas.com
98157765,15,5,test@pruebas.com
8695466,7,5,test@pruebas.com
9558462,5,5,test@pruebas.com
99044424,4,5,test@pruebas.com
99146230,14,5,test@pruebas.com
98227092,22,5,test@pruebas.com
99367079,35,5,test@pruebas.com
11285621,32,5,test@pruebas.com
99042546,4,5,test@pruebas.com
9449159,36,5,test@pruebas.com
311090929,9,5,test@pruebas.com
10632522,33,5,test@pruebas.com
10522565,21,5,test@pruebas.com
99301447,37,5,test@pruebas.com
98160301,16,5,test@pruebas.com
98153946,15,5,test@pruebas.com
11299193,1,5,test@pruebas.com
99210021,21,5,test@pruebas.com
7805969,26,5,test@pruebas.com
98316483,31,5,test@pruebas.com
8665214,2,5,test@pruebas.com
99163750,16,5,test@pruebas.com
9145664,11,5,test@pruebas.com
99219022,21,5,test@pruebas.com
99122951,12,5,test@pruebas.com
98116910,11,5,test@pruebas.com
10121102,33,5,test@pruebas.com
10251065,36,5,test@pruebas.com
9127291,26,5,test@pruebas.com
9345647,33,5,test@pruebas.com
98317117,31,5,test@pruebas.com
99350762,35,5,test@pruebas.com
99279061,27,5,test@pruebas.com
11588225,23,5,test@pruebas.com
9430717,37,5,test@pruebas.com
991422713,14,5,test@pruebas.com
9787283,34,5,test@pruebas.com
10903585,5,5,test@pruebas.com
99160226,16,5,test@pruebas.com
99371297,37,5,test@pruebas.com
98205843,20,5,test@pruebas.com
99386355,38,5,test@pruebas.com
99137865,13,5,test@pruebas.com
10954929,38,5,test@pruebas.com
98155309,15,5,test@pruebas.com
11334487,17,5,test@pruebas.com
99255037,25,5,test@pruebas.com
99028763,2,5,test@pruebas.com
97201821,20,5,test@pruebas.com
99109705,10,5,test@pruebas.com
98115525,11,5,test@pruebas.com
10038485,17,5,test@pruebas.com
98331216,33,5,test@pruebas.com
99273699,36,5,test@pruebas.com
99152639,15,5,test@pruebas.com
97156046,15,5,test@pruebas.com
12174033,29,5,test@pruebas.com
98201199,20,5,test@pruebas.com
98153476,15,5,test@pruebas.com
11619082,7,5,test@pruebas.com
5131383,18,5,test@pruebas.com
99148078,14,5,test@pruebas.com
97207072,20,5,test@pruebas.com
99166533,16,5,test@pruebas.com
10286462,5,5,test@pruebas.com
98058901,5,5,test@pruebas.com
99104319,10,5,test@pruebas.com
991427124,14,5,test@pruebas.com
99122970,12,5,test@pruebas.com
10939903,21,5,test@pruebas.com
99044059,4,5,test@pruebas.com
10339876,22,5,test@pruebas.com
98351088,35,5,test@pruebas.com
9455787,36,5,test@pruebas.com
7944667,37,5,test@pruebas.com
99381894,38,5,test@pruebas.com
9046844,10,5,test@pruebas.com
99297876,25,5,test@pruebas.com
9473319,11,5,test@pruebas.com
9117202,1,5,test@pruebas.com
99330147,33,5,test@pruebas.com
9461213,15,5,test@pruebas.com
99299190,29,5,test@pruebas.com
99271377,27,5,test@pruebas.com
98200553,20,5,test@pruebas.com
11783311,35,5,test@pruebas.com
991427987,14,5,test@pruebas.com
311310223,31,5,test@pruebas.com
11018941,18,5,test@pruebas.com
99272593,27,5,test@pruebas.com
9412611,38,5,test@pruebas.com
98366732,36,5,test@pruebas.com
9799311,31,5,test@pruebas.com
11363207,36,5,test@pruebas.com
98353109,35,5,test@pruebas.com
9617485,9,5,test@pruebas.com
98222430,22,5,test@pruebas.com
99083424,8,5,test@pruebas.com
98084771,8,5,test@pruebas.com
9671846,23,5,test@pruebas.com
8907102,23,5,test@pruebas.com
4452828,22,5,test@pruebas.com
99293778,29,5,test@pruebas.com
99257867,25,5,test@pruebas.com
7659008,26,5,test@pruebas.com
99237258,23,5,test@pruebas.com
8616183,18,5,test@pruebas.com
8356432,5,5,test@pruebas.com
99354957,35,5,test@pruebas.com
99114742,11,5,test@pruebas.com
8860181,8,5,test@pruebas.com
98385691,35,5,test@pruebas.com
99083293,8,5,test@pruebas.com
99182402,18,5,test@pruebas.com
98081008,8,5,test@pruebas.com
99156979,15,5,test@pruebas.com
9777733,20,5,test@pruebas.com
99266051,36,5,test@pruebas.com
99117685,11,5,test@pruebas.com
10771964,31,5,test@pruebas.com
8924155,20,5,test@pruebas.com
99363106,36,5,test@pruebas.com
9502076,22,5,test@pruebas.com
9816682,14,5,test@pruebas.com
9289178,19,5,test@pruebas.com
98051949,5,5,test@pruebas.com
99243688,24,5,test@pruebas.com
311370207,37,5,test@pruebas.com
9290192,19,5,test@pruebas.com
98113795,11,5,test@pruebas.com
98379328,37,5,test@pruebas.com
99208641,15,5,test@pruebas.com
9449329,36,5,test@pruebas.com
8056781,36,5,test@pruebas.com
8904448,22,5,test@pruebas.com
98100530,10,5,test@pruebas.com
98362422,36,5,test@pruebas.com
98208551,20,5,test@pruebas.com
98114167,37,5,test@pruebas.com
99205418,15,5,test@pruebas.com
9637737,6,5,test@pruebas.com
8475245,3,5,test@pruebas.com
9506268,16,5,test@pruebas.com
991429742,14,5,test@pruebas.com
9138013,34,5,test@pruebas.com
11246294,36,5,test@pruebas.com
98294710,29,5,test@pruebas.com
10921168,7,5,test@pruebas.com
99080775,8,5,test@pruebas.com
99021264,2,5,test@pruebas.com
97170827,17,5,test@pruebas.com
99214000,36,5,test@pruebas.com
10013415,29,5,test@pruebas.com
98052883,5,5,test@pruebas.com
98366255,38,5,test@pruebas.com
98160515,16,5,test@pruebas.com
99079924,7,5,test@pruebas.com
11063564,17,5,test@pruebas.com
10092641,15,5,test@pruebas.com
10117687,33,5,test@pruebas.com
98117268,11,5,test@pruebas.com
9850201,7,5,test@pruebas.com
99200736,20,5,test@pruebas.com
99138248,35,5,test@pruebas.com
98364580,36,5,test@pruebas.com
11776455,15,5,test@pruebas.com
98175359,17,5,test@pruebas.com
10014497,29,5,test@pruebas.com
99233339,23,5,test@pruebas.com
991434647,14,5,test@pruebas.com
99085480,8,5,test@pruebas.com
99277085,27,5,test@pruebas.com
10509976,2,5,test@pruebas.com
99251702,25,5,test@pruebas.com
99148434,14,5,test@pruebas.com
99033097,3,5,test@pruebas.com
97155788,15,5,test@pruebas.com
99070975,7,5,test@pruebas.com
98165529,16,5,test@pruebas.com
99277172,27,5,test@pruebas.com
10106499,28,5,test@pruebas.com
8492654,34,5,test@pruebas.com
99261625,26,5,test@pruebas.com
98252287,25,5,test@pruebas.com
99106034,10,5,test@pruebas.com
98264290,26,5,test@pruebas.com
11633891,14,5,test@pruebas.com
99137585,13,5,test@pruebas.com
10373624,1,5,test@pruebas.com
98314488,31,5,test@pruebas.com
11560754,8,5,test@pruebas.com
99185714,18,5,test@pruebas.com
99135978,13,5,test@pruebas.com
10124969,33,5,test@pruebas.com
98332779,33,5,test@pruebas.com
11747587,9,5,test@pruebas.com
98205374,20,5,test@pruebas.com
10928537,37,5,test@pruebas.com
99311863,31,5,test@pruebas.com
99209436,20,5,test@pruebas.com
98375462,37,5,test@pruebas.com
11700157,11,5,test@pruebas.com
99365867,36,5,test@pruebas.com
7805527,26,5,test@pruebas.com
991411496,14,5,test@pruebas.com
99184940,18,5,test@pruebas.com
98315224,31,5,test@pruebas.com
11271728,20,5,test@pruebas.com
99126667,12,5,test@pruebas.com
11761229,37,5,test@pruebas.com
991422875,14,5,test@pruebas.com
10372032,27,5,test@pruebas.com
10444696,31,5,test@pruebas.com
311290136,29,5,test@pruebas.com
99276485,27,5,test@pruebas.com
98118388,11,5,test@pruebas.com
98364747,37,5,test@pruebas.com
97156203,15,5,test@pruebas.com
991437357,14,5,test@pruebas.com
8385203,35,5,test@pruebas.com
99109081,10,5,test@pruebas.com
99299475,29,5,test@pruebas.com
98208367,20,5,test@pruebas.com
99354978,35,5,test@pruebas.com
10316701,7,5,test@pruebas.com
98316070,31,5,test@pruebas.com
98168489,16,5,test@pruebas.com
98158601,36,5,test@pruebas.com
99149161,14,5,test@pruebas.com
2711265,9,5,test@pruebas.com
99290703,29,5,test@pruebas.com
99254361,25,5,test@pruebas.com
99161216,16,5,test@pruebas.com
99093364,9,5,test@pruebas.com
97154855,15,5,test@pruebas.com
98256339,25,5,test@pruebas.com
97158268,15,5,test@pruebas.com
11523972,21,5,test@pruebas.com
10268316,2,5,test@pruebas.com
98053022,5,5,test@pruebas.com
8851581,8,5,test@pruebas.com
9267425,27,5,test@pruebas.com
98204832,20,5,test@pruebas.com
8510288,36,5,test@pruebas.com
10505407,15,5,test@pruebas.com
99010277,1,5,test@pruebas.com
10365931,27,5,test@pruebas.com
99181943,18,5,test@pruebas.com
11757884,37,5,test@pruebas.com
9227407,11,5,test@pruebas.com
11487879,16,5,test@pruebas.com
10551115,26,5,test@pruebas.com
99176869,17,5,test@pruebas.com
9580999,1,5,test@pruebas.com
991434339,14,5,test@pruebas.com
97159208,15,5,test@pruebas.com
99134408,13,5,test@pruebas.com
99279191,27,5,test@pruebas.com
98372711,37,5,test@pruebas.com
8067023,9,5,test@pruebas.com
8577528,33,5,test@pruebas.com
9772057,20,5,test@pruebas.com
6816282,22,5,test@pruebas.com
99234336,13,5,test@pruebas.com
11025395,15,5,test@pruebas.com
10606653,36,5,test@pruebas.com
10620494,7,5,test@pruebas.com
98159277,15,5,test@pruebas.com
8581312,33,5,test@pruebas.com
99106005,10,5,test@pruebas.com
9155481,8,5,test@pruebas.com
99245647,24,5,test@pruebas.com
99104232,10,5,test@pruebas.com
98080960,2,5,test@pruebas.com
97205754,20,5,test@pruebas.com
10657924,8,5,test@pruebas.com
991423282,14,5,test@pruebas.com
991415974,3,5,test@pruebas.com
98381246,16,5,test@pruebas.com
99070311,7,5,test@pruebas.com
98388876,38,5,test@pruebas.com
99026430,2,5,test@pruebas.com
97370379,37,5,test@pruebas.com
98165639,16,5,test@pruebas.com
9523367,21,5,test@pruebas.com
99153609,15,5,test@pruebas.com
11624663,7,5,test@pruebas.com
99149870,14,5,test@pruebas.com
99012886,1,5,test@pruebas.com
98375710,37,5,test@pruebas.com
9367543,36,5,test@pruebas.com
99381332,38,5,test@pruebas.com
10968393,27,5,test@pruebas.com
98164118,16,5,test@pruebas.com
99357296,35,5,test@pruebas.com
99177051,17,5,test@pruebas.com
97204003,20,5,test@pruebas.com
99144706,14,5,test@pruebas.com
99276795,27,5,test@pruebas.com
99077649,7,5,test@pruebas.com
98332860,33,5,test@pruebas.com
98111783,11,5,test@pruebas.com
99187884,18,5,test@pruebas.com
98362316,36,5,test@pruebas.com
99169426,16,5,test@pruebas.com
9410279,38,5,test@pruebas.com
99380672,38,5,test@pruebas.com
97158008,15,5,test@pruebas.com
11630329,14,5,test@pruebas.com
9761373,15,5,test@pruebas.com
99201525,29,5,test@pruebas.com
98175463,17,5,test@pruebas.com
99206886,20,5,test@pruebas.com
98318010,31,5,test@pruebas.com
9538593,26,5,test@pruebas.com
99387171,38,5,test@pruebas.com
99051558,5,5,test@pruebas.com
99096512,9,5,test@pruebas.com
99276457,27,5,test@pruebas.com
7929692,22,5,test@pruebas.com
99095146,9,5,test@pruebas.com
98371676,37,5,test@pruebas.com
99117063,11,5,test@pruebas.com
12187658,36,5,test@pruebas.com
99274439,27,5,test@pruebas.com
97380366,38,5,test@pruebas.com
99258839,25,5,test@pruebas.com
99366491,15,5,test@pruebas.com
10141995,14,5,test@pruebas.com
97202923,20,5,test@pruebas.com
99262432,26,5,test@pruebas.com
99204855,20,5,test@pruebas.com
99152274,15,5,test@pruebas.com
98052217,5,5,test@pruebas.com
97220730,22,5,test@pruebas.com
98203435,20,5,test@pruebas.com
99053212,5,5,test@pruebas.com
98320114,32,5,test@pruebas.com
11582235,38,5,test@pruebas.com
99127876,12,5,test@pruebas.com
9261389,27,5,test@pruebas.com
98318710,31,5,test@pruebas.com
8385637,36,5,test@pruebas.com
98055786,5,5,test@pruebas.com
99164788,22,5,test@pruebas.com
99275442,27,5,test@pruebas.com
8142068,18,5,test@pruebas.com
98152902,15,5,test@pruebas.com
99185756,18,5,test@pruebas.com
991431407,14,5,test@pruebas.com
99084259,8,5,test@pruebas.com
9402276,18,5,test@pruebas.com
99060569,6,5,test@pruebas.com
11377615,36,5,test@pruebas.com
99281745,28,5,test@pruebas.com
8577269,33,5,test@pruebas.com
98023179,14,5,test@pruebas.com
99382535,38,5,test@pruebas.com
11699507,11,5,test@pruebas.com
97381589,38,5,test@pruebas.com
99202113,20,5,test@pruebas.com
99139317,13,5,test@pruebas.com
99339586,33,5,test@pruebas.com
99165943,16,5,test@pruebas.com
99385624,38,5,test@pruebas.com
99241427,24,5,test@pruebas.com
99262211,26,5,test@pruebas.com
10751955,2,5,test@pruebas.com
99204206,20,5,test@pruebas.com
99324317,22,5,test@pruebas.com
991423770,14,5,test@pruebas.com
99113593,11,5,test@pruebas.com
311360126,36,5,test@pruebas.com
10362649,27,5,test@pruebas.com
11174579,22,5,test@pruebas.com
10196609,34,5,test@pruebas.com
98256630,25,5,test@pruebas.com
311020226,2,5,test@pruebas.com
98340026,34,5,test@pruebas.com
99128184,12,5,test@pruebas.com
98152664,15,5,test@pruebas.com
991422363,14,5,test@pruebas.com
99202708,20,5,test@pruebas.com
99143313,14,5,test@pruebas.com
99266624,27,5,test@pruebas.com
98224779,22,5,test@pruebas.com
99203344,5,5,test@pruebas.com
991410865,14,5,test@pruebas.com
97153567,15,5,test@pruebas.com
98253918,25,5,test@pruebas.com
98110704,11,5,test@pruebas.com
99114621,11,5,test@pruebas.com
99056450,5,5,test@pruebas.com
98368404,36,5,test@pruebas.com
99376500,37,5,test@pruebas.com
99086071,8,5,test@pruebas.com
99022196,2,5,test@pruebas.com
11105003,20,5,test@pruebas.com
8862613,8,5,test@pruebas.com
9938796,18,5,test@pruebas.com
8924465,31,5,test@pruebas.com
98298423,29,5,test@pruebas.com
98383426,38,5,test@pruebas.com
12162663,22,5,test@pruebas.com
98311146,31,5,test@pruebas.com
9620303,9,5,test@pruebas.com
99070246,7,5,test@pruebas.com
99240658,33,5,test@pruebas.com
10127801,33,5,test@pruebas.com
99103131,27,5,test@pruebas.com
10131582,35,5,test@pruebas.com
98378657,37,5,test@pruebas.com
99320680,32,5,test@pruebas.com
99318801,25,5,test@pruebas.com
99220195,22,5,test@pruebas.com
8676526,35,5,test@pruebas.com
9113444,17,5,test@pruebas.com
10118594,33,5,test@pruebas.com
7414285,32,5,test@pruebas.com
11237864,22,5,test@pruebas.com
99081583,8,5,test@pruebas.com
10837213,38,5,test@pruebas.com
9840516,15,5,test@pruebas.com
10801308,35,5,test@pruebas.com
9227415,9,5,test@pruebas.com
99144314,14,5,test@pruebas.com
99234232,23,5,test@pruebas.com
99136808,13,5,test@pruebas.com
99082933,8,5,test@pruebas.com
99295811,29,5,test@pruebas.com
99314993,37,5,test@pruebas.com
10925759,36,5,test@pruebas.com
99084987,8,5,test@pruebas.com
311091386,9,5,test@pruebas.com
99276003,27,5,test@pruebas.com
97154174,15,5,test@pruebas.com
98222543,22,5,test@pruebas.com
98375285,37,5,test@pruebas.com
99357567,35,5,test@pruebas.com
99042279,4,5,test@pruebas.com
98114921,11,5,test@pruebas.com
99224667,22,5,test@pruebas.com
11574062,20,5,test@pruebas.com
99206766,20,5,test@pruebas.com
98250371,25,5,test@pruebas.com
12144703,38,5,test@pruebas.com
99161027,15,5,test@pruebas.com
98321078,32,5,test@pruebas.com
99318035,31,5,test@pruebas.com
98165444,22,5,test@pruebas.com
99215358,21,5,test@pruebas.com
98382338,38,5,test@pruebas.com
98323917,32,5,test@pruebas.com
8831947,32,5,test@pruebas.com
98369597,36,5,test@pruebas.com
98112563,11,5,test@pruebas.com
10277897,5,5,test@pruebas.com
98206679,20,5,test@pruebas.com
98324018,32,5,test@pruebas.com
98378470,37,5,test@pruebas.com
12144479,16,5,test@pruebas.com
10841334,14,5,test@pruebas.com
11723971,20,5,test@pruebas.com
99338018,33,5,test@pruebas.com
8777241,26,5,test@pruebas.com
99354582,35,5,test@pruebas.com
10150072,14,5,test@pruebas.com
99149571,14,5,test@pruebas.com
98163481,12,5,test@pruebas.com
8766878,36,5,test@pruebas.com
98313340,31,5,test@pruebas.com
9995714,11,5,test@pruebas.com
991438677,14,5,test@pruebas.com
99171877,17,5,test@pruebas.com
9226842,35,5,test@pruebas.com
7825625,13,5,test@pruebas.com
97381858,38,5,test@pruebas.com
6769861,30,5,test@pruebas.com
98160540,16,5,test@pruebas.com
991421313,14,5,test@pruebas.com
6976026,37,5,test@pruebas.com
8031037,11,5,test@pruebas.com
99093327,9,5,test@pruebas.com
99386405,36,5,test@pruebas.com
9403558,18,5,test@pruebas.com
8902046,22,5,test@pruebas.com
11635908,14,5,test@pruebas.com
99029716,2,5,test@pruebas.com
8325669,10,5,test@pruebas.com
99168920,16,5,test@pruebas.com
99268514,26,5,test@pruebas.com
10436081,31,5,test@pruebas.com
5932246,16,5,test@pruebas.com
98321981,38,5,test@pruebas.com
9595813,20,5,test@pruebas.com
99133203,13,5,test@pruebas.com
98173715,17,5,test@pruebas.com
97371137,37,5,test@pruebas.com
98370902,37,5,test@pruebas.com
11623136,7,5,test@pruebas.com
9103953,17,5,test@pruebas.com
99218033,21,5,test@pruebas.com
98153446,15,5,test@pruebas.com
9140344,35,5,test@pruebas.com
11658045,35,5,test@pruebas.com
8717265,17,5,test@pruebas.com
991427477,14,5,test@pruebas.com
991411159,14,5,test@pruebas.com
10130624,15,5,test@pruebas.com
99326441,32,5,test@pruebas.com
10848134,14,5,test@pruebas.com
98360891,15,5,test@pruebas.com
99377681,37,5,test@pruebas.com
9157697,8,5,test@pruebas.com
99284924,28,5,test@pruebas.com
98202678,20,5,test@pruebas.com
98156440,35,5,test@pruebas.com
311160203,16,5,test@pruebas.com
99279875,27,5,test@pruebas.com
11267801,20,5,test@pruebas.com
8513104,36,5,test@pruebas.com
11104554,20,5,test@pruebas.com
98365485,36,5,test@pruebas.com
99201627,20,5,test@pruebas.com
98365729,36,5,test@pruebas.com
9145877,11,5,test@pruebas.com
99055614,5,5,test@pruebas.com
99331094,33,5,test@pruebas.com
9698299,8,5,test@pruebas.com
9084053,14,5,test@pruebas.com
99207830,10,5,test@pruebas.com
991424665,14,5,test@pruebas.com
99150632,15,5,test@pruebas.com
10024131,16,5,test@pruebas.com
99262425,26,5,test@pruebas.com
99381635,38,5,test@pruebas.com
991425042,14,5,test@pruebas.com
10203699,18,5,test@pruebas.com
98022108,2,5,test@pruebas.com
10692878,37,5,test@pruebas.com
10245073,38,5,test@pruebas.com
5996333,11,5,test@pruebas.com
311100127,10,5,test@pruebas.com
98220570,22,5,test@pruebas.com
99279027,27,5,test@pruebas.com
9059903,37,5,test@pruebas.com
99206560,20,5,test@pruebas.com
98362043,36,5,test@pruebas.com
99216930,21,5,test@pruebas.com
99151538,15,5,test@pruebas.com
8674523,35,5,test@pruebas.com
98113345,17,5,test@pruebas.com
99180095,18,5,test@pruebas.com
99205074,20,5,test@pruebas.com
99186762,18,5,test@pruebas.com
98155590,15,5,test@pruebas.com
97311117,31,5,test@pruebas.com
7688555,21,5,test@pruebas.com
8880212,28,5,test@pruebas.com
99144916,14,5,test@pruebas.com
99279863,27,5,test@pruebas.com
99185622,18,5,test@pruebas.com
99358918,35,5,test@pruebas.com
99183795,18,5,test@pruebas.com
98360690,36,5,test@pruebas.com
9223282,36,5,test@pruebas.com
10062009,1,5,test@pruebas.com
8360294,5,5,test@pruebas.com
99168694,16,5,test@pruebas.com
9761608,15,5,test@pruebas.com
99372968,37,5,test@pruebas.com
10692916,37,5,test@pruebas.com
99184102,18,5,test@pruebas.com
9764836,15,5,test@pruebas.com
97206207,20,5,test@pruebas.com
99315024,23,5,test@pruebas.com
98270308,27,5,test@pruebas.com
99206609,8,5,test@pruebas.com
99028450,2,5,test@pruebas.com
11202157,15,5,test@pruebas.com
99093234,9,5,test@pruebas.com
98058380,5,5,test@pruebas.com
8597944,31,5,test@pruebas.com
99296826,29,5,test@pruebas.com
98361150,36,5,test@pruebas.com
6257623,37,5,test@pruebas.com
99032532,3,5,test@pruebas.com
8828458,32,5,test@pruebas.com
99384921,15,5,test@pruebas.com
9329412,7,5,test@pruebas.com
98373904,37,5,test@pruebas.com
9392998,29,5,test@pruebas.com
97206639,20,5,test@pruebas.com
991431715,14,5,test@pruebas.com
10124527,33,5,test@pruebas.com
11035099,14,5,test@pruebas.com
10221824,31,5,test@pruebas.com
99346767,34,5,test@pruebas.com
8931275,31,5,test@pruebas.com
99093681,9,5,test@pruebas.com
99074183,7,5,test@pruebas.com
9400893,18,5,test@pruebas.com
10599738,12,5,test@pruebas.com
99184722,18,5,test@pruebas.com
99114391,11,5,test@pruebas.com
11354984,29,5,test@pruebas.com
99293078,29,5,test@pruebas.com
8739811,20,5,test@pruebas.com
311240028,33,5,test@pruebas.com
98387873,38,5,test@pruebas.com
991442081,14,5,test@pruebas.com
311091070,9,5,test@pruebas.com
99116956,38,5,test@pruebas.com
9497021,22,5,test@pruebas.com
99231557,23,5,test@pruebas.com
99332668,33,5,test@pruebas.com
99246178,24,5,test@pruebas.com
98368100,36,5,test@pruebas.com
99171117,17,5,test@pruebas.com
10662006,8,5,test@pruebas.com
99063674,1,5,test@pruebas.com
99242822,24,5,test@pruebas.com
9232206,37,5,test@pruebas.com
99205777,20,5,test@pruebas.com
99381265,35,5,test@pruebas.com
11102136,20,5,test@pruebas.com
98320217,32,5,test@pruebas.com
99271063,27,5,test@pruebas.com
98380879,22,5,test@pruebas.com
98168364,16,5,test@pruebas.com
991421451,14,5,test@pruebas.com
97371912,37,5,test@pruebas.com
98151547,15,5,test@pruebas.com
10274979,5,5,test@pruebas.com
99021136,2,5,test@pruebas.com
99195054,19,5,test@pruebas.com
6002102,17,5,test@pruebas.com
99025217,2,5,test@pruebas.com
991423497,14,5,test@pruebas.com
99024917,2,5,test@pruebas.com
99254157,25,5,test@pruebas.com
98350364,35,5,test@pruebas.com
98170160,17,5,test@pruebas.com
991416827,14,5,test@pruebas.com
99175553,17,5,test@pruebas.com
99084373,8,5,test@pruebas.com
991428739,14,5,test@pruebas.com
9127658,26,5,test@pruebas.com
99216374,31,5,test@pruebas.com
99207130,20,5,test@pruebas.com
99365775,36,5,test@pruebas.com
99015546,1,5,test@pruebas.com
8872678,14,5,test@pruebas.com
99302172,30,5,test@pruebas.com
10175059,20,5,test@pruebas.com
99070949,7,5,test@pruebas.com
99112358,11,5,test@pruebas.com
5858003,21,5,test@pruebas.com
98206865,20,5,test@pruebas.com
99028246,2,5,test@pruebas.com
99275975,27,5,test@pruebas.com
8245207,22,5,test@pruebas.com
6970109,19,5,test@pruebas.com
99204331,14,5,test@pruebas.com
98270232,27,5,test@pruebas.com
10512756,2,5,test@pruebas.com
99386150,37,5,test@pruebas.com
99146514,14,5,test@pruebas.com
10225404,11,5,test@pruebas.com
99372361,37,5,test@pruebas.com
99334467,33,5,test@pruebas.com
99193768,19,5,test@pruebas.com
99030282,26,5,test@pruebas.com
311091355,9,5,test@pruebas.com
99061622,6,5,test@pruebas.com
8611858,18,5,test@pruebas.com
98385055,38,5,test@pruebas.com
99344413,34,5,test@pruebas.com
11001658,20,5,test@pruebas.com
99330009,33,5,test@pruebas.com
8904707,22,5,test@pruebas.com
99338367,33,5,test@pruebas.com
9160116,38,5,test@pruebas.com
99310404,31,5,test@pruebas.com
98229297,22,5,test@pruebas.com
98174985,17,5,test@pruebas.com
99383520,38,5,test@pruebas.com
10727132,20,5,test@pruebas.com
98083656,8,5,test@pruebas.com
99050568,5,5,test@pruebas.com
8585652,25,5,test@pruebas.com
98160144,16,5,test@pruebas.com
98022336,2,5,test@pruebas.com
97203806,20,5,test@pruebas.com
11492945,31,5,test@pruebas.com
10972846,37,5,test@pruebas.com
98170239,17,5,test@pruebas.com
11659696,35,5,test@pruebas.com
99018153,1,5,test@pruebas.com
9127763,26,5,test@pruebas.com
99166553,16,5,test@pruebas.com
1365274,37,5,test@pruebas.com
99111908,11,5,test@pruebas.com
99276095,27,5,test@pruebas.com
10724338,20,5,test@pruebas.com
99368855,36,5,test@pruebas.com
10379495,1,5,test@pruebas.com
99375473,37,5,test@pruebas.com
99032715,3,5,test@pruebas.com
99041063,4,5,test@pruebas.com
99033773,3,5,test@pruebas.com
99376392,33,5,test@pruebas.com
98311510,31,5,test@pruebas.com
99370147,37,5,test@pruebas.com
9993649,15,5,test@pruebas.com
99371748,35,5,test@pruebas.com
97206866,20,5,test@pruebas.com
8971331,16,5,test@pruebas.com
11810297,33,5,test@pruebas.com
98021090,2,5,test@pruebas.com
99204818,20,5,test@pruebas.com
9669426,27,5,test@pruebas.com
99359146,36,5,test@pruebas.com
311090936,9,5,test@pruebas.com
10117792,33,5,test@pruebas.com
99337921,33,5,test@pruebas.com
10491457,25,5,test@pruebas.com
9383891,29,5,test@pruebas.com
7956657,26,5,test@pruebas.com
98166269,16,5,test@pruebas.com
99236544,23,5,test@pruebas.com
991437873,14,5,test@pruebas.com
98353045,35,5,test@pruebas.com
99176494,17,5,test@pruebas.com
9442685,8,5,test@pruebas.com
11524766,21,5,test@pruebas.com
99297848,29,5,test@pruebas.com
99052500,5,5,test@pruebas.com
991429080,14,5,test@pruebas.com
99058043,5,5,test@pruebas.com
10860517,16,5,test@pruebas.com
99268023,26,5,test@pruebas.com
8575509,4,5,test@pruebas.com
99094009,9,5,test@pruebas.com
97157430,15,5,test@pruebas.com
98205497,20,5,test@pruebas.com
98371593,37,5,test@pruebas.com
99122190,12,5,test@pruebas.com
99193808,19,5,test@pruebas.com
10628282,7,5,test@pruebas.com
99337719,33,5,test@pruebas.com
8677093,14,5,test@pruebas.com
10579079,25,5,test@pruebas.com
8998841,27,5,test@pruebas.com
991430735,14,5,test@pruebas.com
98250311,25,5,test@pruebas.com
98295570,29,5,test@pruebas.com
98021045,2,5,test@pruebas.com
98165799,16,5,test@pruebas.com
99144869,14,5,test@pruebas.com
99243450,4,5,test@pruebas.com
99138197,13,5,test@pruebas.com
9967524,12,5,test@pruebas.com
99167059,16,5,test@pruebas.com
99373155,37,5,test@pruebas.com
97155411,15,5,test@pruebas.com
98203878,20,5,test@pruebas.com
311140213,14,5,test@pruebas.com
11810521,33,5,test@pruebas.com
8915164,20,5,test@pruebas.com
98157535,15,5,test@pruebas.com
99026185,2,5,test@pruebas.com
98385371,38,5,test@pruebas.com
991440283,14,5,test@pruebas.com
7506023,5,5,test@pruebas.com
99013560,1,5,test@pruebas.com
7044097,7,5,test@pruebas.com
99228298,22,5,test@pruebas.com
11822678,31,5,test@pruebas.com
99131199,13,5,test@pruebas.com
9676198,22,5,test@pruebas.com
99154280,15,5,test@pruebas.com
98179960,17,5,test@pruebas.com
97370110,37,5,test@pruebas.com
98270408,27,5,test@pruebas.com
98253250,25,5,test@pruebas.com
99027289,2,5,test@pruebas.com
991426726,14,5,test@pruebas.com
99184770,18,5,test@pruebas.com
99323025,20,5,test@pruebas.com
99285492,28,5,test@pruebas.com
98360232,36,5,test@pruebas.com
10044892,19,5,test@pruebas.com
99243320,38,5,test@pruebas.com
991440668,14,5,test@pruebas.com
10770798,31,5,test@pruebas.com
11701366,11,5,test@pruebas.com
8842019,11,5,test@pruebas.com
11920033,27,5,test@pruebas.com
98021961,2,5,test@pruebas.com
99044711,4,5,test@pruebas.com
9833862,15,5,test@pruebas.com
99132488,13,5,test@pruebas.com
99280637,28,5,test@pruebas.com
9588302,16,5,test@pruebas.com
9266011,27,5,test@pruebas.com
98119150,11,5,test@pruebas.com
8593035,25,5,test@pruebas.com
99162616,11,5,test@pruebas.com
9541543,26,5,test@pruebas.com
98211475,21,5,test@pruebas.com
98164719,16,5,test@pruebas.com
99356373,35,5,test@pruebas.com
991425839,14,5,test@pruebas.com
9725385,13,5,test@pruebas.com
98205070,20,5,test@pruebas.com
99186962,18,5,test@pruebas.com
99163945,16,5,test@pruebas.com
99210229,13,5,test@pruebas.com
10378944,1,5,test@pruebas.com
99204189,20,5,test@pruebas.com
11667257,22,5,test@pruebas.com
99227006,22,5,test@pruebas.com
9292047,19,5,test@pruebas.com
99282073,33,5,test@pruebas.com
8700281,7,5,test@pruebas.com
8543909,5,5,test@pruebas.com
991431443,14,5,test@pruebas.com
98055755,5,5,test@pruebas.com
99386335,14,5,test@pruebas.com
98292924,29,5,test@pruebas.com
10540083,5,5,test@pruebas.com
6217451,36,5,test@pruebas.com
99219779,21,5,test@pruebas.com
99060386,6,5,test@pruebas.com
9787887,1,5,test@pruebas.com
10476148,4,5,test@pruebas.com
97206644,20,5,test@pruebas.com
99373132,37,5,test@pruebas.com
99118712,11,5,test@pruebas.com
99080053,32,5,test@pruebas.com
99235232,23,5,test@pruebas.com
99279973,27,5,test@pruebas.com
98371142,37,5,test@pruebas.com
99030462,3,5,test@pruebas.com
99301114,30,5,test@pruebas.com
99091999,9,5,test@pruebas.com
11947381,37,5,test@pruebas.com
9376585,32,5,test@pruebas.com
8392617,23,5,test@pruebas.com
9359222,36,5,test@pruebas.com
9723455,13,5,test@pruebas.com
99151657,15,5,test@pruebas.com
98172725,17,5,test@pruebas.com
